domain,redirect,yearmonth,last_crawled,last_seen
wi-qtechnologies.com,wi-q.com,2024-05,2024-05,2024-05
giecrl.tmall.com,giecrl.world.tmall.com,2024-05,2024-05,2024-05
mr-buyer.bitballoon.com,mr-buyer.netlify.app,2024-05,2024-05,2024-05
wpchef.it,netsons.com,2024-05,2024-05,2024-05
selcuksportshd585.xyz,selcuksportshd1140.xyz,2024-05,2024-05,2024-03
racing-kart.jp,next-one.org,2024-05,2024-05,2024-05
legacyforesight.co.uk,legacyfutures.com,2024-05,2024-05,2024-05
endps.biz,ww1.endps.biz,2024-05,2024-05,2023-08
thinkrider.tmall.com,thinkrider.world.tmall.com,2024-05,2024-05,2024-05
stphilipmorrow.org,olohparishfamily.org,2024-05,2024-05,2024-05
