domain,country,keyword,yearmonth,keyword_branding_rank
platum.kr,KR,플래텀,2024-05,1.0
e-takken.tv,JP,宅建 家坂,2024-05,1.0
epharmacy.it,IT,epharmacy,2024-05,1.0
svb-marine.it,IT,svb marine,2024-05,1.0
buffalonas.com,JP,バッファロー webアクセス,2024-05,1.0
high-link.co.jp,JP,株式会社high link,2024-05,1.0
winks.jp,JP,有限会社winks,2024-05,1.0
j-nbooks.jp,JP,霧生ファンクラブ,2024-05,1.0
saisoncard.co.jp,JP,netanswer,2024-05,1.0
oita-kotairen.jp,JP,大分県高体連,2024-05,1.0
